no,localidad,poblacion_total,pct_del_total_municipal,poblacion_femenina,pct_femenino,poblacion_masculina,pct_masculino,fuente
1,Tejupilco de Hidalgo,30967,39.1,16277,52.6,14690,47.4,"PDM Tejupilco 2025-2027, Cuadro 26 (Censo INEGI 2020)"
2,Acamuchitlán,189,0.2,92,48.7,97,51.3,"PDM Tejupilco 2025-2027, Cuadro 26 (Censo INEGI 2020)"
3,El Aguacate de Monte de Dios,169,0.2,93,55.0,76,45.0,"PDM Tejupilco 2025-2027, Cuadro 26 (Censo INEGI 2020)"
4,Almoloya de las Granadas,887,1.1,425,47.9,462,52.1,"PDM Tejupilco 2025-2027, Cuadro 26 (Censo INEGI 2020)"
5,Las Anonas,248,0.3,133,53.6,115,46.4,"PDM Tejupilco 2025-2027, Cuadro 26 (Censo INEGI 2020)"
6,Antimonio Pantoja,57,0.1,34,59.6,23,40.4,"PDM Tejupilco 2025-2027, Cuadro 26 (Censo INEGI 2020)"
7,Santiago Arizmendi (Arizmendi),84,0.1,46,54.8,38,45.2,"PDM Tejupilco 2025-2027, Cuadro 26 (Censo INEGI 2020)"
8,Arballo,334,0.4,171,51.2,163,48.8,"PDM Tejupilco 2025-2027, Cuadro 26 (Censo INEGI 2020)"
9,Barranca de Ixtapan,290,0.4,157,54.1,133,45.9,"PDM Tejupilco 2025-2027, Cuadro 26 (Censo INEGI 2020)"
10,Bejucos,2437,3.1,1248,51.2,1189,48.8,"PDM Tejupilco 2025-2027, Cuadro 26 (Censo INEGI 2020)"
11,Cerro de Cacalotepec (Cacalotepec),217,0.3,107,49.3,110,50.7,"PDM Tejupilco 2025-2027, Cuadro 26 (Censo INEGI 2020)"
12,Campanario de Ixtapan (El Campanario),291,0.4,156,53.6,135,46.4,"PDM Tejupilco 2025-2027, Cuadro 26 (Censo INEGI 2020)"
13,La Cañada,118,0.1,64,54.2,54,45.8,"PDM Tejupilco 2025-2027, Cuadro 26 (Censo INEGI 2020)"
14,Cañadas de San Simón (Cañada de Chivas),161,0.2,84,52.2,77,47.8,"PDM Tejupilco 2025-2027, Cuadro 26 (Censo INEGI 2020)"
15,Rincón de Carboneras (Carboneras),3,0.0,,0.0,,0.0,"PDM Tejupilco 2025-2027, Cuadro 26 (Censo INEGI 2020)"
16,Cerro de los Elizaldes,4,0.0,,0.0,,0.0,"PDM Tejupilco 2025-2027, Cuadro 26 (Censo INEGI 2020)"
17,El Cirián de la Laguna (El Cirián),455,0.6,251,55.2,204,44.8,"PDM Tejupilco 2025-2027, Cuadro 26 (Censo INEGI 2020)"
18,El Ciruelo,89,0.1,48,53.9,41,46.1,"PDM Tejupilco 2025-2027, Cuadro 26 (Censo INEGI 2020)"
19,El Corupo,53,0.1,24,45.3,29,54.7,"PDM Tejupilco 2025-2027, Cuadro 26 (Censo INEGI 2020)"
20,Cuadrilla de López,276,0.3,148,53.6,128,46.4,"PDM Tejupilco 2025-2027, Cuadro 26 (Censo INEGI 2020)"
21,Cuadrilla de los Martínez (Los Martínez),466,0.6,235,50.4,231,49.6,"PDM Tejupilco 2025-2027, Cuadro 26 (Censo INEGI 2020)"
22,Los Melchores de San Lucas (Los Melchores),397,0.5,207,52.1,190,47.9,"PDM Tejupilco 2025-2027, Cuadro 26 (Censo INEGI 2020)"
23,La Florida (Kilómetro 5),489,0.6,255,52.1,234,47.9,"PDM Tejupilco 2025-2027, Cuadro 26 (Censo INEGI 2020)"
24,Santa Rosa (Las Juntas),5,0.0,,0.0,,0.0,"PDM Tejupilco 2025-2027, Cuadro 26 (Censo INEGI 2020)"
25,Los Cuervos,120,0.2,63,52.5,57,47.5,"PDM Tejupilco 2025-2027, Cuadro 26 (Censo INEGI 2020)"
26,Cuevillas,36,0.0,22,61.1,14,38.9,"PDM Tejupilco 2025-2027, Cuadro 26 (Censo INEGI 2020)"
27,Epazotes,254,0.3,129,50.8,125,49.2,"PDM Tejupilco 2025-2027, Cuadro 26 (Censo INEGI 2020)"
28,La Estancia de Ixtapan,424,0.5,232,54.7,192,45.3,"PDM Tejupilco 2025-2027, Cuadro 26 (Censo INEGI 2020)"
29,San Miguel Ixtapan,1496,1.9,774,51.7,722,48.3,"PDM Tejupilco 2025-2027, Cuadro 26 (Censo INEGI 2020)"
30,Jalpan (Jalpan San Simón),556,0.7,282,50.7,274,49.3,"PDM Tejupilco 2025-2027, Cuadro 26 (Censo INEGI 2020)"
31,La Joya de San Lucas,65,0.1,37,56.9,28,43.1,"PDM Tejupilco 2025-2027, Cuadro 26 (Censo INEGI 2020)"
32,Juluapan (Juloapan),361,0.5,177,49.0,184,51.0,"PDM Tejupilco 2025-2027, Cuadro 26 (Censo INEGI 2020)"
33,La Labor de Zaragoza,975,1.2,531,54.5,444,45.5,"PDM Tejupilco 2025-2027, Cuadro 26 (Censo INEGI 2020)"
34,Llano Grande,747,0.9,401,53.7,346,46.3,"PDM Tejupilco 2025-2027, Cuadro 26 (Censo INEGI 2020)"
35,El Mamey de San Lucas,323,0.4,158,48.9,165,51.1,"PDM Tejupilco 2025-2027, Cuadro 26 (Censo INEGI 2020)"
36,Mazatepec,246,0.3,135,54.9,111,45.1,"PDM Tejupilco 2025-2027, Cuadro 26 (Censo INEGI 2020)"
37,La Mesa,47,0.1,18,38.3,29,61.7,"PDM Tejupilco 2025-2027, Cuadro 26 (Censo INEGI 2020)"
38,Las Mesas de Ixtapan (Las Mesas),311,0.4,158,50.8,153,49.2,"PDM Tejupilco 2025-2027, Cuadro 26 (Censo INEGI 2020)"
39,Monte de Dios,255,0.3,130,51.0,125,49.0,"PDM Tejupilco 2025-2027, Cuadro 26 (Censo INEGI 2020)"
40,San Andrés Ocotepec,1826,2.3,956,52.4,870,47.6,"PDM Tejupilco 2025-2027, Cuadro 26 (Censo INEGI 2020)"
41,Ojo de Agua (Rincón de Ugarte),264,0.3,139,52.7,125,47.3,"PDM Tejupilco 2025-2027, Cuadro 26 (Censo INEGI 2020)"
42,La Palma Cuata (La Palma),37,0.0,19,51.4,18,48.6,"PDM Tejupilco 2025-2027, Cuadro 26 (Censo INEGI 2020)"
43,Pantoja,695,0.9,368,52.9,327,47.1,"PDM Tejupilco 2025-2027, Cuadro 26 (Censo INEGI 2020)"
44,Paso del Guayabal (El Paso),235,0.3,114,48.5,121,51.5,"PDM Tejupilco 2025-2027, Cuadro 26 (Censo INEGI 2020)"
45,Paso de Vigas,92,0.1,42,45.7,50,54.3,"PDM Tejupilco 2025-2027, Cuadro 26 (Censo INEGI 2020)"
46,El Platanal (El Platanal de San Lucas),438,0.6,224,51.1,214,48.9,"PDM Tejupilco 2025-2027, Cuadro 26 (Censo INEGI 2020)"
47,Plaza de Gallos,89,0.1,35,39.3,54,60.7,"PDM Tejupilco 2025-2027, Cuadro 26 (Censo INEGI 2020)"
48,El Potrero de Ixtapan (El Potrero),190,0.2,99,52.1,91,47.9,"PDM Tejupilco 2025-2027, Cuadro 26 (Censo INEGI 2020)"
49,Potrero Grande,40,0.1,20,50.0,20,50.0,"PDM Tejupilco 2025-2027, Cuadro 26 (Censo INEGI 2020)"
50,Puerto del Aire,576,0.7,304,52.8,272,47.2,"PDM Tejupilco 2025-2027, Cuadro 26 (Censo INEGI 2020)"
51,Rincón de Aguirre,1700,2.1,855,50.3,845,49.7,"PDM Tejupilco 2025-2027, Cuadro 26 (Censo INEGI 2020)"
52,Rincón del Guayabal,251,0.3,128,51.0,123,49.0,"PDM Tejupilco 2025-2027, Cuadro 26 (Censo INEGI 2020)"
53,Rincón del Carmen,774,1.0,379,49.0,395,51.0,"PDM Tejupilco 2025-2027, Cuadro 26 (Censo INEGI 2020)"
54,Lodo Prieto,394,0.5,203,51.5,191,48.5,"PDM Tejupilco 2025-2027, Cuadro 26 (Censo INEGI 2020)"
55,Rincón de Ugarte,823,1.0,427,51.9,396,48.1,"PDM Tejupilco 2025-2027, Cuadro 26 (Censo INEGI 2020)"
56,Río Chiquito,13,0.0,6,46.2,7,53.8,"PDM Tejupilco 2025-2027, Cuadro 26 (Censo INEGI 2020)"
57,Río de Aquiagua (Aquiagua),333,0.4,169,50.8,164,49.2,"PDM Tejupilco 2025-2027, Cuadro 26 (Censo INEGI 2020)"
58,Río Grande,79,0.1,39,49.4,40,50.6,"PDM Tejupilco 2025-2027, Cuadro 26 (Censo INEGI 2020)"
59,Salitre de Acamuchitlán (El Salitre),81,0.1,39,48.1,42,51.9,"PDM Tejupilco 2025-2027, Cuadro 26 (Censo INEGI 2020)"
60,San Gabriel Pantoja,294,0.4,150,51.0,144,49.0,"PDM Tejupilco 2025-2027, Cuadro 26 (Censo INEGI 2020)"
61,San José de la Laguna,1016,1.3,524,51.6,492,48.4,"PDM Tejupilco 2025-2027, Cuadro 26 (Censo INEGI 2020)"
62,San Lucas del Maíz (San Lucas),361,0.5,182,50.4,179,49.6,"PDM Tejupilco 2025-2027, Cuadro 26 (Censo INEGI 2020)"
63,San Mateo (San Mateo Ixtapan),74,0.1,39,52.7,35,47.3,"PDM Tejupilco 2025-2027, Cuadro 26 (Censo INEGI 2020)"
64,Sauz de San Lucas (El Sauz),656,0.8,333,50.8,323,49.2,"PDM Tejupilco 2025-2027, Cuadro 26 (Censo INEGI 2020)"
65,Tejapan Limones (Tejapan),115,0.1,64,55.7,51,44.3,"PDM Tejupilco 2025-2027, Cuadro 26 (Censo INEGI 2020)"
66,Tenería (Pueblo Nuevo),1481,1.9,744,50.2,737,49.8,"PDM Tejupilco 2025-2027, Cuadro 26 (Censo INEGI 2020)"
67,Tequesquite (El Tequezquite),6,0.0,,0.0,,0.0,"PDM Tejupilco 2025-2027, Cuadro 26 (Censo INEGI 2020)"
68,Tirados,124,0.2,71,57.3,53,42.7,"PDM Tejupilco 2025-2027, Cuadro 26 (Censo INEGI 2020)"
69,Santo Domingo-Zacatepec,3220,4.1,1669,51.8,1551,48.2,"PDM Tejupilco 2025-2027, Cuadro 26 (Censo INEGI 2020)"
70,El Zapote de Ixtapan (El Zapote),100,0.1,53,53.0,47,47.0,"PDM Tejupilco 2025-2027, Cuadro 26 (Censo INEGI 2020)"
71,Llano Grande (Llano Grande de San Lucas),551,0.7,291,52.8,260,47.2,"PDM Tejupilco 2025-2027, Cuadro 26 (Censo INEGI 2020)"
72,Salitre de San Lucas,243,0.3,127,52.3,116,47.7,"PDM Tejupilco 2025-2027, Cuadro 26 (Censo INEGI 2020)"
73,El Sauz Ocotepec (El Sauz),278,0.4,133,47.8,145,52.2,"PDM Tejupilco 2025-2027, Cuadro 26 (Censo INEGI 2020)"
74,Suquitila,598,0.8,319,53.3,279,46.7,"PDM Tejupilco 2025-2027, Cuadro 26 (Censo INEGI 2020)"
75,Rincón de Jaimes,1077,1.4,565,52.5,512,47.5,"PDM Tejupilco 2025-2027, Cuadro 26 (Censo INEGI 2020)"
76,Las Ánimas,70,0.1,33,47.1,37,52.9,"PDM Tejupilco 2025-2027, Cuadro 26 (Censo INEGI 2020)"
77,Las Juntas,214,0.3,106,49.5,108,50.5,"PDM Tejupilco 2025-2027, Cuadro 26 (Censo INEGI 2020)"
78,Ilamos,155,0.2,79,51.0,76,49.0,"PDM Tejupilco 2025-2027, Cuadro 26 (Censo INEGI 2020)"
79,Cuadrilla de Leones,128,0.2,66,51.6,62,48.4,"PDM Tejupilco 2025-2027, Cuadro 26 (Censo INEGI 2020)"
80,Barro Prieto,201,0.3,109,54.2,92,45.8,"PDM Tejupilco 2025-2027, Cuadro 26 (Censo INEGI 2020)"
81,El Zapote de Acamuchitlán (El Zapote),155,0.2,81,52.3,74,47.7,"PDM Tejupilco 2025-2027, Cuadro 26 (Censo INEGI 2020)"
82,Agua Bendita,57,0.1,30,52.6,27,47.4,"PDM Tejupilco 2025-2027, Cuadro 26 (Censo INEGI 2020)"
83,Ocoyapan,595,0.8,313,52.6,282,47.4,"PDM Tejupilco 2025-2027, Cuadro 26 (Censo INEGI 2020)"
84,Cerro Gordo,576,0.7,311,54.0,265,46.0,"PDM Tejupilco 2025-2027, Cuadro 26 (Censo INEGI 2020)"
85,Los Nopales,82,0.1,40,48.8,42,51.2,"PDM Tejupilco 2025-2027, Cuadro 26 (Censo INEGI 2020)"
86,Jumiltepec,294,0.4,149,50.7,145,49.3,"PDM Tejupilco 2025-2027, Cuadro 26 (Censo INEGI 2020)"
87,Puerto de Jalpan (Jalpa),225,0.3,119,52.9,106,47.1,"PDM Tejupilco 2025-2027, Cuadro 26 (Censo INEGI 2020)"
88,San Francisco,133,0.2,59,44.4,74,55.6,"PDM Tejupilco 2025-2027, Cuadro 26 (Censo INEGI 2020)"
89,Los Baños,42,0.1,18,42.9,24,57.1,"PDM Tejupilco 2025-2027, Cuadro 26 (Censo INEGI 2020)"
90,El Carmen de Ixtapan,89,0.1,44,49.4,45,50.6,"PDM Tejupilco 2025-2027, Cuadro 26 (Censo INEGI 2020)"
91,La Cabecera (Cabecera de los Arrayanes),238,0.3,121,50.8,117,49.2,"PDM Tejupilco 2025-2027, Cuadro 26 (Censo INEGI 2020)"
92,La Cuitacera,6,0.0,,0.0,,0.0,"PDM Tejupilco 2025-2027, Cuadro 26 (Censo INEGI 2020)"
93,La Guitarra,139,0.2,79,56.8,60,43.2,"PDM Tejupilco 2025-2027, Cuadro 26 (Censo INEGI 2020)"
94,Hacienda de Ixtapan,380,0.5,177,46.6,203,53.4,"PDM Tejupilco 2025-2027, Cuadro 26 (Censo INEGI 2020)"
95,Las Ilamas,3,0.0,,0.0,,0.0,"PDM Tejupilco 2025-2027, Cuadro 26 (Censo INEGI 2020)"
96,Las Juntas de Ixtapan,200,0.3,108,54.0,92,46.0,"PDM Tejupilco 2025-2027, Cuadro 26 (Censo INEGI 2020)"
97,Naranjo Chiquito,3,0.0,,0.0,,0.0,"PDM Tejupilco 2025-2027, Cuadro 26 (Censo INEGI 2020)"
98,El Naranjo Grande,36,0.0,24,66.7,12,33.3,"PDM Tejupilco 2025-2027, Cuadro 26 (Censo INEGI 2020)"
99,Paredes Prietas,22,0.0,12,54.5,10,45.5,"PDM Tejupilco 2025-2027, Cuadro 26 (Censo INEGI 2020)"
100,Los Pericones,221,0.3,114,51.6,107,48.4,"PDM Tejupilco 2025-2027, Cuadro 26 (Censo INEGI 2020)"
101,Los Pinzanes (La Pinzanera),20,0.0,9,45.0,11,55.0,"PDM Tejupilco 2025-2027, Cuadro 26 (Censo INEGI 2020)"
102,Rincón de San Gabriel,371,0.5,192,51.8,179,48.2,"PDM Tejupilco 2025-2027, Cuadro 26 (Censo INEGI 2020)"
103,Salto Grande,39,0.0,17,43.6,22,56.4,"PDM Tejupilco 2025-2027, Cuadro 26 (Censo INEGI 2020)"
104,Santa María de las Flores,239,0.3,126,52.7,113,47.3,"PDM Tejupilco 2025-2027, Cuadro 26 (Censo INEGI 2020)"
105,Zapote del Ancón,194,0.2,99,51.0,95,49.0,"PDM Tejupilco 2025-2027, Cuadro 26 (Censo INEGI 2020)"
106,Agua Negra,110,0.1,52,47.3,58,52.7,"PDM Tejupilco 2025-2027, Cuadro 26 (Censo INEGI 2020)"
107,Fundadora de San Lucas del Maíz,306,0.4,143,46.7,163,53.3,"PDM Tejupilco 2025-2027, Cuadro 26 (Censo INEGI 2020)"
108,Rancho las Moras (Las Moras),149,0.2,80,53.7,69,46.3,"PDM Tejupilco 2025-2027, Cuadro 26 (Censo INEGI 2020)"
109,Cerro Alto (Milpa Vieja),58,0.1,30,51.7,28,48.3,"PDM Tejupilco 2025-2027, Cuadro 26 (Censo INEGI 2020)"
110,Piedra Ancha,58,0.1,31,53.4,27,46.6,"PDM Tejupilco 2025-2027, Cuadro 26 (Censo INEGI 2020)"
111,Plan de Maguey,54,0.1,25,46.3,29,53.7,"PDM Tejupilco 2025-2027, Cuadro 26 (Censo INEGI 2020)"
112,Cuadrilla del Molino,52,0.1,31,59.6,21,40.4,"PDM Tejupilco 2025-2027, Cuadro 26 (Censo INEGI 2020)"
113,Paso de la Parota,13,0.0,5,38.5,8,61.5,"PDM Tejupilco 2025-2027, Cuadro 26 (Censo INEGI 2020)"
114,La Cofradía (Los Mangos),7,0.0,4,57.1,3,42.9,"PDM Tejupilco 2025-2027, Cuadro 26 (Censo INEGI 2020)"
115,Planes de la Cofradía (Los Planes),3,0.0,,0.0,,0.0,"PDM Tejupilco 2025-2027, Cuadro 26 (Censo INEGI 2020)"
116,La Calera,12,0.0,8,66.7,4,33.3,"PDM Tejupilco 2025-2027, Cuadro 26 (Censo INEGI 2020)"
117,El Guayabo,6,0.0,,0.0,,0.0,"PDM Tejupilco 2025-2027, Cuadro 26 (Censo INEGI 2020)"
118,La Bolsa,10,0.0,,0.0,,0.0,"PDM Tejupilco 2025-2027, Cuadro 26 (Censo INEGI 2020)"
119,Coahuilotes,37,0.0,23,62.2,14,37.8,"PDM Tejupilco 2025-2027, Cuadro 26 (Censo INEGI 2020)"
120,Paso de San Juan,15,0.0,7,46.7,8,53.3,"PDM Tejupilco 2025-2027, Cuadro 26 (Censo INEGI 2020)"
121,Cerro del Chirimoyo,86,0.1,48,55.8,38,44.2,"PDM Tejupilco 2025-2027, Cuadro 26 (Censo INEGI 2020)"
122,Pinzán Morado,122,0.2,73,59.8,49,40.2,"PDM Tejupilco 2025-2027, Cuadro 26 (Censo INEGI 2020)"
123,El Rodeo,524,0.7,279,53.2,245,46.8,"PDM Tejupilco 2025-2027, Cuadro 26 (Censo INEGI 2020)"
124,Limón de San Lucas del Maíz,540,0.7,265,49.1,275,50.9,"PDM Tejupilco 2025-2027, Cuadro 26 (Censo INEGI 2020)"
125,Encinos Verdes,206,0.3,118,57.3,88,42.7,"PDM Tejupilco 2025-2027, Cuadro 26 (Censo INEGI 2020)"
126,Antonio de San Lucas del Maíz,30,0.0,14,46.7,16,53.3,"PDM Tejupilco 2025-2027, Cuadro 26 (Censo INEGI 2020)"
127,Cerro de Mazatepec,111,0.1,59,53.2,52,46.8,"PDM Tejupilco 2025-2027, Cuadro 26 (Censo INEGI 2020)"
128,Cerro del Divisadero,107,0.1,58,54.2,49,45.8,"PDM Tejupilco 2025-2027, Cuadro 26 (Censo INEGI 2020)"
129,La Laguna de Mazatepec,161,0.2,81,50.3,80,49.7,"PDM Tejupilco 2025-2027, Cuadro 26 (Censo INEGI 2020)"
130,El Limón de Ixtapan,158,0.2,93,58.9,65,41.1,"PDM Tejupilco 2025-2027, Cuadro 26 (Censo INEGI 2020)"
131,El Ocote,109,0.1,53,48.6,56,51.4,"PDM Tejupilco 2025-2027, Cuadro 26 (Censo INEGI 2020)"
132,Las Mesas de los Capires (Las Mesas),14,0.0,6,42.9,8,57.1,"PDM Tejupilco 2025-2027, Cuadro 26 (Censo INEGI 2020)"
133,Puerto Madroño,223,0.3,117,52.5,106,47.5,"PDM Tejupilco 2025-2027, Cuadro 26 (Censo INEGI 2020)"
134,El Capire (Colonia el Capire),422,0.5,235,55.7,187,44.3,"PDM Tejupilco 2025-2027, Cuadro 26 (Censo INEGI 2020)"
135,Lomas de Tejupilco,164,0.2,78,47.6,86,52.4,"PDM Tejupilco 2025-2027, Cuadro 26 (Censo INEGI 2020)"
136,Colonia México Sesenta y Ocho,322,0.4,179,55.6,143,44.4,"PDM Tejupilco 2025-2027, Cuadro 26 (Censo INEGI 2020)"
137,Juntas de Zacatepec (El Pedregal Segunda Manzana),871,1.1,454,52.1,417,47.9,"PDM Tejupilco 2025-2027, Cuadro 26 (Censo INEGI 2020)"
138,Rincón de López,1507,1.9,794,52.7,713,47.3,"PDM Tejupilco 2025-2027, Cuadro 26 (Censo INEGI 2020)"
139,El Capire de Pantoja,81,0.1,45,55.6,36,44.4,"PDM Tejupilco 2025-2027, Cuadro 26 (Censo INEGI 2020)"
140,Colonia Benito Juárez (Lázaro Cárdenas del Río),533,0.7,275,51.6,258,48.4,"PDM Tejupilco 2025-2027, Cuadro 26 (Censo INEGI 2020)"
141,El Cuagüilote Ojo de Agua (La Pera),106,0.1,55,51.9,51,48.1,"PDM Tejupilco 2025-2027, Cuadro 26 (Censo INEGI 2020)"
142,El Jumate,5,0.0,,0.0,,0.0,"PDM Tejupilco 2025-2027, Cuadro 26 (Censo INEGI 2020)"
143,Santa Rosa Rincón de Jaimes,136,0.2,69,50.7,67,49.3,"PDM Tejupilco 2025-2027, Cuadro 26 (Censo INEGI 2020)"
144,Rincón del Naranjo (La Cabecera),162,0.2,79,48.8,83,51.2,"PDM Tejupilco 2025-2027, Cuadro 26 (Censo INEGI 2020)"
145,Antimonio,163,0.2,87,53.4,76,46.6,"PDM Tejupilco 2025-2027, Cuadro 26 (Censo INEGI 2020)"
146,Colonia Buenavista Primera Sección,822,1.0,435,52.9,387,47.1,"PDM Tejupilco 2025-2027, Cuadro 26 (Censo INEGI 2020)"
147,Rincón el Sauz Ocotepec,112,0.1,56,50.0,56,50.0,"PDM Tejupilco 2025-2027, Cuadro 26 (Censo INEGI 2020)"
148,Rinconada de la Labor,286,0.4,151,52.8,135,47.2,"PDM Tejupilco 2025-2027, Cuadro 26 (Censo INEGI 2020)"
149,El Burrito (El Sauz),71,0.1,38,53.5,33,46.5,"PDM Tejupilco 2025-2027, Cuadro 26 (Censo INEGI 2020)"
150,Las Lomas (Los Depósitos),194,0.2,97,50.0,97,50.0,"PDM Tejupilco 2025-2027, Cuadro 26 (Censo INEGI 2020)"
151,Rincón Chiquito,25,0.0,12,48.0,13,52.0,"PDM Tejupilco 2025-2027, Cuadro 26 (Censo INEGI 2020)"
152,Los Colorines,402,0.5,195,48.5,207,51.5,"PDM Tejupilco 2025-2027, Cuadro 26 (Censo INEGI 2020)"
153,El Salitre Segunda Seccción,126,0.2,67,53.2,59,46.8,"PDM Tejupilco 2025-2027, Cuadro 26 (Censo INEGI 2020)"
154,Cerro del Mango del Sauz Ocotepec,179,0.2,101,56.4,78,43.6,"PDM Tejupilco 2025-2027, Cuadro 26 (Censo INEGI 2020)"
155,Fragüita,101,0.1,55,54.5,46,45.5,"PDM Tejupilco 2025-2027, Cuadro 26 (Censo INEGI 2020)"
156,Jacalillos,58,0.1,27,46.6,31,53.4,"PDM Tejupilco 2025-2027, Cuadro 26 (Censo INEGI 2020)"
